<?xml version="1.0" encoding="UTF-8"?>
<christ>

  <student name="Adarsh">
    <branch>MCS</branch>
    <email>adarsh@gmail.com</email>
    <college>christ</college>
  </student>

  <student name="Arun">
    <branch>Bcom</branch>
    <email>arun@gmail.com</email>
    <college>christ</college>
  </student>


  <student name="rohit">
    <branch>MCA</branch>
    <email>rohit@gmail.com</email>
    <college>christ</college>
  </student>

  <student name="pranav">
    <branch>MDS</branch>
    <email>pranav</email>
    <college>Christ</college>
  </student>


</christ>